Archivo,Banda,DeltaR,Ángulo,Posición,Trial,ACC,F_ref,F_dom,F_card
DeltaR=10cm_Angle=0_Band1_Facedown_Trial1.mat,Bandwidth1,10.0,0,Facedown,1,0.9069332566168009,0.3263972355769231,0.2960205078125,1.300048828125
DeltaR=10cm_Angle=0_Band1_Facedown_Trial2.mat,Bandwidth1,10.0,0,Facedown,2,0.5916015625,0.3004807692307692,0.177764892578125,1.760101318359375
DeltaR=10cm_Angle=0_Band1_Facedown_Trial3.mat,Bandwidth1,10.0,0,Facedown,3,0.6894388686131387,0.30874399038461536,0.212860107421875,0.858306884765625
DeltaR=10cm_Angle=0_Band1_Facedown_Trial4.mat,Bandwidth1,10.0,0,Facedown,4,0.5663336431226766,0.30310997596153844,0.171661376953125,0.894927978515625
DeltaR=10cm_Angle=0_Band1_Facedown_Trial5.mat,Bandwidth1,10.0,0,Facedown,5,0.6888586956521741,0.3023587740384615,0.208282470703125,0.881195068359375
DeltaR=10cm_Angle=0_Band1_Facedown_Trial6.mat,Bandwidth1,10.0,0,Facedown,6,0.6823553948832037,0.33766526442307687,0.23040771484375,1.30462646484375
DeltaR=10cm_Angle=0_Band1_Facedown_Trial7.mat,Bandwidth1,10.0,0,Facedown,7,0.8905215231788081,0.28357872596153844,0.252532958984375,1.251983642578125
DeltaR=10cm_Angle=0_Band1_Facedown_Trial8.mat,Bandwidth1,10.0,0,Facedown,8,0.8670628324468085,0.2824519230769231,0.244903564453125,1.116943359375
DeltaR=10cm_Angle=0_Band1_Lateral_Trial1.mat,Bandwidth1,10.0,0,Lateral,1,0.9059905100830368,0.3166316105769231,0.286865234375,1.123809814453125
DeltaR=10cm_Angle=0_Band1_Lateral_Trial2.mat,Bandwidth1,10.0,0,Lateral,2,0.6755087209302326,0.32301682692307687,0.21820068359375,1.485443115234375
DeltaR=10cm_Angle=0_Band1_Lateral_Trial3.mat,Bandwidth1,10.0,0,Lateral,3,0.8411233003708283,0.30386117788461536,0.255584716796875,0.860595703125
DeltaR=10cm_Angle=0_Band1_Lateral_Trial4.mat,Bandwidth1,10.0,0,Lateral,4,0.5084355828220859,0.30611478365384615,0.1556396484375,0.91094970703125
DeltaR=10cm_Angle=0_Band1_Lateral_Trial5.mat,Bandwidth1,10.0,0,Lateral,5,0.43634259259259267,0.3042367788461538,0.13275146484375,1.439666748046875
DeltaR=10cm_Angle=0_Band1_Lateral_Trial6.mat,Bandwidth1,10.0,0,Lateral,6,0.978144171779141,0.30611478365384615,0.31280517578125,0.858306884765625
DeltaR=10cm_Angle=0_Band1_Lateral_Trial7.mat,Bandwidth1,10.0,0,Lateral,7,0.733918795620438,0.30874399038461536,0.226593017578125,0.954437255859375
DeltaR=10cm_Angle=0_Band1_Lateral_Trial8.mat,Bandwidth1,10.0,0,Lateral,8,0.8135497416020672,0.2907151442307692,0.23651123046875,1.444244384765625
DeltaR=10cm_Angle=0_Band1_Supine_Trial1.mat,Bandwidth1,10.0,0,Supine,1,0.9154335410176533,0.36170372596153844,0.33111572265625,1.096343994140625
DeltaR=10cm_Angle=0_Band1_Supine_Trial2.mat,Bandwidth1,10.0,0,Supine,2,0.8758373934226554,0.30836838942307687,0.27008056640625,1.087188720703125
DeltaR=10cm_Angle=0_Band1_Supine_Trial3.mat,Bandwidth1,10.0,0,Supine,3,0.8795828521939955,0.32527043269230765,0.286102294921875,0.80108642578125
DeltaR=10cm_Angle=0_Band1_Supine_Trial4.mat,Bandwidth1,10.0,0,Supine,4,0.8906961845102506,0.3297776442307692,0.293731689453125,0.823974609375
DeltaR=10cm_Angle=0_Band1_Supine_Trial5.mat,Bandwidth1,10.0,0,Supine,5,0.9576612903225806,0.302734375,0.2899169921875,0.812530517578125
DeltaR=10cm_Angle=0_Band1_Supine_Trial6.mat,Bandwidth1,10.0,0,Supine,6,0.9049170616113745,0.3170072115384615,0.286865234375,0.970458984375
DeltaR=10cm_Angle=0_Band1_Supine_Trial7.mat,Bandwidth1,10.0,0,Supine,7,0.8467562351543944,0.3162560096153846,0.267791748046875,0.82855224609375
DeltaR=10cm_Angle=0_Band1_Supine_Trial8.mat,Bandwidth1,10.0,0,Supine,8,0.8516505006257824,0.3001051682692307,0.255584716796875,1.02996826171875
DeltaR=15.5cm_Angle=30_Band1_Facedown_Trial1.mat,Bandwidth1,15.5,30,Facedown,1,0.8907727541371159,0.31775841346153844,0.283050537109375,1.09405517578125
DeltaR=15.5cm_Angle=30_Band1_Facedown_Trial2.mat,Bandwidth1,15.5,30,Facedown,2,0.8970375722543353,0.3248948317307692,0.29144287109375,2.140045166015625
DeltaR=15.5cm_Angle=30_Band1_Facedown_Trial3.mat,Bandwidth1,15.5,30,Facedown,3,0.8566681600955794,0.3143780048076923,0.269317626953125,0.853729248046875
DeltaR=15.5cm_Angle=30_Band1_Facedown_Trial4.mat,Bandwidth1,15.5,30,Facedown,4,0.8541927409261578,0.3001051682692307,0.25634765625,0.812530517578125
DeltaR=15.5cm_Angle=30_Band1_Facedown_Trial5.mat,Bandwidth1,15.5,30,Facedown,5,0.860377771295216,0.3218900240384615,0.276947021484375,0.867462158203125
DeltaR=15.5cm_Angle=30_Band1_Facedown_Trial6.mat,Bandwidth1,15.5,30,Facedown,6,0.8747136780104713,0.2869591346153846,0.251007080078125,0.94757080078125
DeltaR=15.5cm_Angle=30_Band1_Facedown_Trial7.mat,Bandwidth1,15.5,30,Facedown,7,0.8606150793650793,0.3076171875,0.264739990234375,1.371002197265625
DeltaR=15.5cm_Angle=30_Band1_Facedown_Trial8.mat,Bandwidth1,15.5,30,Facedown,8,0.9980314960629922,0.23850661057692304,0.238037109375,0.812530517578125
DeltaR=15.5cm_Angle=30_Band1_Lateral_Trial1.mat,Bandwidth1,15.5,30,Lateral,1,0.8547207446808509,0.10591947115384615,0.121307373046875,1.160430908203125
DeltaR=15.5cm_Angle=30_Band1_Lateral_Trial2.mat,Bandwidth1,15.5,30,Lateral,2,0.9447674418604651,0.2907151442307692,0.274658203125,1.087188720703125
DeltaR=15.5cm_Angle=30_Band1_Lateral_Trial3.mat,Bandwidth1,15.5,30,Lateral,3,0.5817901234567902,0.3042367788461538,0.177001953125,1.3916015625
DeltaR=15.5cm_Angle=30_Band1_Lateral_Trial4.mat,Bandwidth1,15.5,30,Lateral,4,0.4745540078201369,0.38423978365384615,0.182342529296875,0.981903076171875
DeltaR=15.5cm_Angle=30_Band1_Lateral_Trial5.mat,Bandwidth1,15.5,30,Lateral,5,0.6709280303030304,0.37184495192307687,0.249481201171875,1.522064208984375
DeltaR=15.5cm_Angle=30_Band1_Lateral_Trial6.mat,Bandwidth1,15.5,30,Lateral,6,0.31343937875751504,0.3748497596153846,0.11749267578125,1.46484375
DeltaR=15.5cm_Angle=30_Band1_Lateral_Trial7.mat,Bandwidth1,15.5,30,Lateral,7,0.393421052631579,0.35682091346153844,0.140380859375,0.9979248046875
DeltaR=15.5cm_Angle=30_Band1_Lateral_Trial8.mat,Bandwidth1,15.5,30,Lateral,8,0.5418129049676026,0.34780649038461536,0.188446044921875,1.242828369140625
DeltaR=15.5cm_Angle=30_Band1_Supine_Trial1.mat,Bandwidth1,15.5,30,Supine,1,0.9228267766497463,0.29597355769230765,0.27313232421875,0.8697509765625
DeltaR=15.5cm_Angle=30_Band1_Supine_Trial2.mat,Bandwidth1,15.5,30,Supine,2,0.8548602386934674,0.29897836538461536,0.255584716796875,0.88348388671875
DeltaR=15.5cm_Angle=30_Band1_Supine_Trial3.mat,Bandwidth1,15.5,30,Supine,3,0.7884457236842106,0.2854567307692307,0.225067138671875,1.155853271484375
DeltaR=15.5cm_Angle=30_Band1_Supine_Trial4.mat,Bandwidth1,15.5,30,Supine,4,0.9120639534883722,0.20996093749999997,0.191497802734375,1.226806640625
DeltaR=15.5cm_Angle=30_Band1_Supine_Trial5.mat,Bandwidth1,15.5,30,Supine,5,0.8425442122186496,0.23362379807692304,0.19683837890625,1.178741455078125
DeltaR=15.5cm_Angle=30_Band1_Supine_Trial6.mat,Bandwidth1,15.5,30,Supine,6,0.9815917107583775,0.21296574519230768,0.20904541015625,0.968170166015625
DeltaR=15.5cm_Angle=30_Band1_Supine_Trial7.mat,Bandwidth1,15.5,30,Supine,7,0.8662683823529413,0.2554086538461538,0.22125244140625,1.068878173828125
DeltaR=15.5cm_Angle=30_Band1_Supine_Trial8.mat,Bandwidth1,15.5,30,Supine,8,0.9564614164904861,0.1776592548076923,0.185394287109375,0.936126708984375
DeltaR=20cm_Angle=0_Band1_Facedown_Trial1.mat,Bandwidth1,20.0,0,Facedown,1,0.8760909346846848,0.3335336538461538,0.292205810546875,1.14898681640625
DeltaR=20cm_Angle=0_Band1_Facedown_Trial2.mat,Bandwidth1,20.0,0,Facedown,2,0.870211129753915,0.3357872596153846,0.292205810546875,0.826263427734375
DeltaR=20cm_Angle=0_Band1_Facedown_Trial3.mat,Bandwidth1,20.0,0,Facedown,3,0.8738826412918108,0.32564603365384615,0.284576416015625,1.128387451171875
DeltaR=20cm_Angle=0_Band1_Facedown_Trial4.mat,Bandwidth1,20.0,0,Facedown,4,0.8822601010101011,0.2974759615384615,0.262451171875,1.09405517578125
DeltaR=20cm_Angle=0_Band1_Facedown_Trial5.mat,Bandwidth1,20.0,0,Facedown,5,0.8435509554140128,0.2948467548076923,0.24871826171875,1.000213623046875
DeltaR=20cm_Angle=0_Band1_Facedown_Trial6.mat,Bandwidth1,20.0,0,Facedown,6,0.9095149253731344,0.27681790865384615,0.25177001953125,0.995635986328125
DeltaR=20cm_Angle=0_Band1_Facedown_Trial7.mat,Bandwidth1,20.0,0,Facedown,7,0.9686185133239832,0.2678034855769231,0.2593994140625,0.826263427734375
DeltaR=20cm_Angle=0_Band1_Facedown_Trial8.mat,Bandwidth1,20.0,0,Facedown,8,0.856700794621027,0.3072415865384615,0.263214111328125,0.839996337890625
DeltaR=20cm_Angle=0_Band1_Lateral_Trial1.mat,Bandwidth1,20.0,0,Lateral,1,0.9027777777777779,0.30085637019230765,0.2716064453125,1.007080078125
DeltaR=20cm_Angle=0_Band1_Lateral_Trial2.mat,Bandwidth1,20.0,0,Lateral,2,0.7497206257982121,0.29409555288461536,0.220489501953125,1.1260986328125
DeltaR=20cm_Angle=0_Band1_Lateral_Trial3.mat,Bandwidth1,20.0,0,Lateral,3,0.5613030095759235,0.27456430288461536,0.15411376953125,1.1077880859375
DeltaR=20cm_Angle=0_Band1_Lateral_Trial4.mat,Bandwidth1,20.0,0,Lateral,4,0.5570938818565401,0.26705228365384615,0.148773193359375,1.318359375
DeltaR=20cm_Angle=0_Band1_Lateral_Trial5.mat,Bandwidth1,20.0,0,Lateral,5,0.6680152529761905,0.25240384615384615,0.168609619140625,1.44195556640625
DeltaR=20cm_Angle=0_Band1_Lateral_Trial6.mat,Bandwidth1,20.0,0,Lateral,6,0.9054252199413492,0.2561598557692307,0.23193359375,0.9796142578125
DeltaR=20cm_Angle=0_Band1_Lateral_Trial7.mat,Bandwidth1,20.0,0,Lateral,7,0.9652039007092199,0.26479867788461536,0.255584716796875,0.87890625
DeltaR=20cm_Angle=0_Band1_Lateral_Trial8.mat,Bandwidth1,20.0,0,Lateral,8,0.8383372801082545,0.2775691105769231,0.232696533203125,0.94757080078125
DeltaR=20cm_Angle=0_Band1_Supine_Trial1.mat,Bandwidth1,20.0,0,Supine,1,0.876984126984127,0.35494290865384615,0.311279296875,0.82855224609375
DeltaR=20cm_Angle=0_Band1_Supine_Trial2.mat,Bandwidth1,20.0,0,Supine,2,0.8633948545861299,0.3357872596153846,0.2899169921875,1.151275634765625
DeltaR=20cm_Angle=0_Band1_Supine_Trial3.mat,Bandwidth1,20.0,0,Supine,3,0.897975768321513,0.31775841346153844,0.28533935546875,0.835418701171875
DeltaR=20cm_Angle=0_Band1_Supine_Trial4.mat,Bandwidth1,20.0,0,Supine,4,0.9133138820638822,0.30573918269230765,0.27923583984375,0.858306884765625
DeltaR=20cm_Angle=0_Band1_Supine_Trial5.mat,Bandwidth1,20.0,0,Supine,5,0.847705245153934,0.3294020432692307,0.27923583984375,1.1993408203125
DeltaR=20cm_Angle=0_Band1_Supine_Trial6.mat,Bandwidth1,20.0,0,Supine,6,0.866883581235698,0.32827524038461536,0.284576416015625,1.116943359375
DeltaR=20cm_Angle=0_Band1_Supine_Trial7.mat,Bandwidth1,20.0,0,Supine,7,0.8056530898876406,0.3342848557692307,0.269317626953125,1.174163818359375
DeltaR=20cm_Angle=0_Band1_Supine_Trial8.mat,Bandwidth1,20.0,0,Supine,8,0.8719158739595719,0.31588040865384615,0.275421142578125,1.06658935546875
DeltaR=22.5cm_Angle=30_Band1_Facedown_Trial1.mat,Bandwidth1,22.5,30,Facedown,1,0.929678188319428,0.3151292067307692,0.29296875,0.80108642578125
DeltaR=22.5cm_Angle=30_Band1_Facedown_Trial2.mat,Bandwidth1,22.5,30,Facedown,2,0.8425749118683903,0.3196364182692307,0.269317626953125,0.933837890625
DeltaR=22.5cm_Angle=30_Band1_Facedown_Trial3.mat,Bandwidth1,22.5,30,Facedown,3,0.43048064720812185,0.29597355769230765,0.127410888671875,1.064300537109375
DeltaR=22.5cm_Angle=30_Band1_Facedown_Trial4.mat,Bandwidth1,22.5,30,Facedown,4,0.8561881953028431,0.30386117788461536,0.260162353515625,0.84686279296875
DeltaR=22.5cm_Angle=30_Band1_Facedown_Trial5.mat,Bandwidth1,22.5,30,Facedown,5,0.41993321718931476,0.32339242788461536,0.13580322265625,0.84686279296875
DeltaR=22.5cm_Angle=30_Band1_Facedown_Trial6.mat,Bandwidth1,22.5,30,Facedown,6,0.939362336114422,0.3151292067307692,0.2960205078125,0.80108642578125
DeltaR=22.5cm_Angle=30_Band1_Facedown_Trial7.mat,Bandwidth1,22.5,30,Facedown,7,0.9505571030640669,0.26968149038461536,0.25634765625,0.826263427734375
DeltaR=22.5cm_Angle=30_Band1_Facedown_Trial8.mat,Bandwidth1,22.5,30,Facedown,8,0.819246737841044,0.3166316105769231,0.2593994140625,1.068878173828125
DeltaR=22.5cm_Angle=30_Band1_Lateral_Trial1.mat,Bandwidth1,22.5,30,Lateral,1,0.47489754098360637,0.11455829326923075,0.174713134765625,0.9796142578125
DeltaR=22.5cm_Angle=30_Band1_Lateral_Trial2.mat,Bandwidth1,22.5,30,Lateral,2,0.46422101449275366,0.33691406249999994,0.156402587890625,0.904083251953125
DeltaR=22.5cm_Angle=30_Band1_Lateral_Trial3.mat,Bandwidth1,22.5,30,Lateral,3,0.44682364096080907,0.2971003605769231,0.13275146484375,1.13525390625
DeltaR=22.5cm_Angle=30_Band1_Lateral_Trial4.mat,Bandwidth1,22.5,30,Lateral,4,0.45528017241379315,0.3049879807692307,0.13885498046875,1.080322265625
DeltaR=22.5cm_Angle=30_Band1_Lateral_Trial5.mat,Bandwidth1,22.5,30,Lateral,5,0.47436377245508987,0.31362680288461536,0.148773193359375,1.0894775390625
DeltaR=22.5cm_Angle=30_Band1_Lateral_Trial6.mat,Bandwidth1,22.5,30,Lateral,6,0.47031445556946194,0.3001051682692307,0.141143798828125,1.238250732421875
DeltaR=22.5cm_Angle=30_Band1_Lateral_Trial7.mat,Bandwidth1,22.5,30,Lateral,7,0.8586990111248456,0.30386117788461536,0.26092529296875,1.35498046875
DeltaR=22.5cm_Angle=30_Band1_Lateral_Trial8.mat,Bandwidth1,22.5,30,Lateral,8,0.5295576196473553,0.29822716346153844,0.157928466796875,1.055145263671875
DeltaR=22.5cm_Angle=30_Band1_Supine_Trial1.mat,Bandwidth1,22.5,30,Supine,1,0.9270306573957017,0.2971003605769231,0.275421142578125,0.86517333984375
DeltaR=22.5cm_Angle=30_Band1_Supine_Trial2.mat,Bandwidth1,22.5,30,Supine,2,0.8477083333333334,0.28170072115384615,0.238800048828125,1.05743408203125
DeltaR=22.5cm_Angle=30_Band1_Supine_Trial3.mat,Bandwidth1,22.5,30,Supine,3,0.892559109874826,0.2700570913461538,0.299072265625,1.599884033203125
DeltaR=22.5cm_Angle=30_Band1_Supine_Trial4.mat,Bandwidth1,22.5,30,Supine,4,0.6903901734104047,0.3248948317307692,0.22430419921875,1.055145263671875
DeltaR=22.5cm_Angle=30_Band1_Supine_Trial5.mat,Bandwidth1,22.5,30,Supine,5,0.5855105874316942,0.2749399038461538,0.160980224609375,0.862884521484375
DeltaR=22.5cm_Angle=30_Band1_Supine_Trial6.mat,Bandwidth1,22.5,30,Supine,6,0.9300054505813955,0.2584134615384615,0.240325927734375,1.563262939453125
DeltaR=22.5cm_Angle=30_Band1_Supine_Trial7.mat,Bandwidth1,22.5,30,Supine,7,0.9974144079885876,0.2632962740384615,0.26397705078125,0.908660888671875
DeltaR=22.5cm_Angle=30_Band1_Supine_Trial8.mat,Bandwidth1,22.5,30,Supine,8,0.8600523843930636,0.25991586538461536,0.223541259765625,0.862884521484375
DeltaR=27cm_Angle=0_Band1_Facedown_Trial1.mat,Bandwidth1,27.0,0,Facedown,1,0.9237030905077263,0.34029447115384615,0.3143310546875,0.83770751953125
DeltaR=27cm_Angle=0_Band1_Facedown_Trial2.mat,Bandwidth1,27.0,0,Facedown,2,0.8752540650406505,0.32339242788461536,0.283050537109375,1.073455810546875
DeltaR=27cm_Angle=0_Band1_Facedown_Trial3.mat,Bandwidth1,27.0,0,Facedown,3,0.8651181446907819,0.3218900240384615,0.278472900390625,1.0528564453125
DeltaR=27cm_Angle=0_Band1_Facedown_Trial4.mat,Bandwidth1,27.0,0,Facedown,4,0.9073086574654957,0.2993539663461538,0.2716064453125,0.922393798828125
DeltaR=27cm_Angle=0_Band1_Facedown_Trial5.mat,Bandwidth1,27.0,0,Facedown,5,0.9707991803278688,0.2978515625,0.289154052734375,1.30462646484375
DeltaR=27cm_Angle=0_Band1_Facedown_Trial6.mat,Bandwidth1,27.0,0,Facedown,6,0.8928571428571429,0.3076171875,0.274658203125,1.1077880859375
DeltaR=27cm_Angle=0_Band1_Facedown_Trial7.mat,Bandwidth1,27.0,0,Facedown,7,0.8880585748792271,0.31099759615384615,0.27618408203125,1.151275634765625
DeltaR=27cm_Angle=0_Band1_Facedown_Trial8.mat,Bandwidth1,27.0,0,Facedown,8,0.8139578349282298,0.3140024038461538,0.255584716796875,1.256561279296875
DeltaR=27cm_Angle=0_Band1_Lateral_Trial1.mat,Bandwidth1,27.0,0,Lateral,1,0.5846487485779295,0.33015324519230765,0.193023681640625,0.812530517578125
DeltaR=27cm_Angle=0_Band1_Lateral_Trial2.mat,Bandwidth1,27.0,0,Lateral,2,0.7494329637096775,0.1862980769230769,0.139617919921875,1.19476318359375
DeltaR=27cm_Angle=0_Band1_Lateral_Trial3.mat,Bandwidth1,27.0,0,Lateral,3,0.9782047387606316,0.3091195913461538,0.31585693359375,1.080322265625
DeltaR=27cm_Angle=0_Band1_Lateral_Trial4.mat,Bandwidth1,27.0,0,Lateral,4,0.910818488943489,0.30573918269230765,0.278472900390625,1.2451171875
DeltaR=27cm_Angle=0_Band1_Lateral_Trial5.mat,Bandwidth1,27.0,0,Lateral,5,0.8416916167664671,0.31362680288461536,0.26397705078125,1.043701171875
DeltaR=27cm_Angle=0_Band1_Lateral_Trial6.mat,Bandwidth1,27.0,0,Lateral,6,0.8586525759577279,0.28432992788461536,0.244140625,1.25885009765625
DeltaR=27cm_Angle=0_Band1_Lateral_Trial7.mat,Bandwidth1,27.0,0,Lateral,7,0.9277482269503546,0.26479867788461536,0.24566650390625,0.98876953125
DeltaR=27cm_Angle=0_Band1_Lateral_Trial8.mat,Bandwidth1,27.0,0,Lateral,8,0.7609126984126984,0.35494290865384615,0.27008056640625,1.35955810546875
DeltaR=27cm_Angle=0_Band1_Supine_Trial1.mat,Bandwidth1,27.0,0,Supine,1,0.8952459723820483,0.3263972355769231,0.292205810546875,0.908660888671875
DeltaR=27cm_Angle=0_Band1_Supine_Trial2.mat,Bandwidth1,27.0,0,Supine,2,0.8918332241153343,0.28658353365384615,0.255584716796875,0.80108642578125
DeltaR=27cm_Angle=0_Band1_Supine_Trial3.mat,Bandwidth1,27.0,0,Supine,3,0.8701711683417086,0.29897836538461536,0.260162353515625,0.959014892578125
DeltaR=27cm_Angle=0_Band1_Supine_Trial4.mat,Bandwidth1,27.0,0,Supine,4,0.9565290933694182,0.2775691105769231,0.2655029296875,0.830841064453125
DeltaR=27cm_Angle=0_Band1_Supine_Trial5.mat,Bandwidth1,27.0,0,Supine,5,0.8742088607594938,0.2967247596153846,0.2593994140625,0.80108642578125
DeltaR=27cm_Angle=0_Band1_Supine_Trial6.mat,Bandwidth1,27.0,0,Supine,6,0.8510375494071147,0.2850811298076923,0.24261474609375,1.004791259765625
DeltaR=27cm_Angle=0_Band1_Supine_Trial7.mat,Bandwidth1,27.0,0,Supine,7,0.913111342351717,0.3609525240384615,0.32958984375,0.812530517578125
DeltaR=27cm_Angle=0_Band1_Supine_Trial8.mat,Bandwidth1,27.0,0,Supine,8,0.8581460674157304,0.3342848557692307,0.286865234375,0.835418701171875
DeltaR=8cm_Angle=30_Band1_Facedown_Trial1.mat,Bandwidth1,8.0,30,Facedown,1,0.8998935037273696,0.35268930288461536,0.3173828125,0.8056640625
DeltaR=8cm_Angle=30_Band1_Facedown_Trial2.mat,Bandwidth1,8.0,30,Facedown,2,0.8626838235294119,0.3192608173076923,0.275421142578125,1.1077880859375
DeltaR=8cm_Angle=30_Band1_Facedown_Trial3.mat,Bandwidth1,8.0,30,Facedown,3,0.9079247434435577,0.3294020432692307,0.299072265625,0.849151611328125
DeltaR=8cm_Angle=30_Band1_Facedown_Trial4.mat,Bandwidth1,8.0,30,Facedown,4,0.9098307291666667,0.3245192307692307,0.295257568359375,1.132965087890625
DeltaR=8cm_Angle=30_Band1_Facedown_Trial5.mat,Bandwidth1,8.0,30,Facedown,5,0.7520120724346078,0.3733473557692307,0.28076171875,1.036834716796875
DeltaR=8cm_Angle=30_Band1_Facedown_Trial6.mat,Bandwidth1,8.0,30,Facedown,6,0.829408042744657,0.3339092548076923,0.276947021484375,0.917816162109375
DeltaR=8cm_Angle=30_Band1_Facedown_Trial7.mat,Bandwidth1,8.0,30,Facedown,7,0.8732927553444181,0.3162560096153846,0.27618408203125,1.3092041015625
DeltaR=8cm_Angle=30_Band1_Facedown_Trial8.mat,Bandwidth1,8.0,30,Facedown,8,0.8237223756906078,0.33991887019230765,0.279998779296875,0.807952880859375
DeltaR=8cm_Angle=30_Band1_Lateral_Trial1.mat,Bandwidth1,8.0,30,Lateral,1,0.8983523965141613,0.34480168269230765,0.30975341796875,1.045989990234375
DeltaR=8cm_Angle=30_Band1_Lateral_Trial2.mat,Bandwidth1,8.0,30,Lateral,2,0.6622109826589595,0.3248948317307692,0.21514892578125,0.8697509765625
DeltaR=8cm_Angle=30_Band1_Lateral_Trial3.mat,Bandwidth1,8.0,30,Lateral,3,0.40025684931506855,0.35644531249999994,0.142669677734375,1.988983154296875
DeltaR=8cm_Angle=30_Band1_Lateral_Trial4.mat,Bandwidth1,8.0,30,Lateral,4,0.3838052486187846,0.33991887019230765,0.130462646484375,1.142120361328125
DeltaR=8cm_Angle=30_Band1_Lateral_Trial5.mat,Bandwidth1,8.0,30,Lateral,5,0.47925854465270123,0.3406700721153846,0.16326904296875,0.839996337890625
DeltaR=8cm_Angle=30_Band1_Lateral_Trial6.mat,Bandwidth1,8.0,30,Lateral,6,0.9807260479041916,0.31362680288461536,0.319671630859375,1.0711669921875
DeltaR=8cm_Angle=30_Band1_Lateral_Trial7.mat,Bandwidth1,8.0,30,Lateral,7,0.7004310344827587,0.31588040865384615,0.22125244140625,1.54266357421875
DeltaR=8cm_Angle=30_Band1_Lateral_Trial8.mat,Bandwidth1,8.0,30,Lateral,8,0.867630700778643,0.33766526442307687,0.29296875,1.72576904296875
DeltaR=8cm_Angle=30_Band1_Supine_Trial1.mat,Bandwidth1,8.0,30,Supine,1,0.8849463882618511,0.33278245192307687,0.29449462890625,0.803375244140625
DeltaR=8cm_Angle=30_Band1_Supine_Trial2.mat,Bandwidth1,8.0,30,Supine,2,0.8716575386597938,0.29146634615384615,0.254058837890625,1.00250244140625
DeltaR=8cm_Angle=30_Band1_Supine_Trial3.mat,Bandwidth1,8.0,30,Supine,3,0.8842829705505763,0.29334435096153844,0.2593994140625,0.8331298828125
DeltaR=8cm_Angle=30_Band1_Supine_Trial4.mat,Bandwidth1,8.0,30,Supine,4,0.8491082603254069,0.3001051682692307,0.25482177734375,1.007080078125
DeltaR=8cm_Angle=30_Band1_Supine_Trial5.mat,Bandwidth1,8.0,30,Supine,5,0.8785222804718218,0.28658353365384615,0.25177001953125,1.004791259765625
DeltaR=8cm_Angle=30_Band1_Supine_Trial6.mat,Bandwidth1,8.0,30,Supine,6,0.9449728260869567,0.25916466346153844,0.244903564453125,0.949859619140625
DeltaR=8cm_Angle=30_Band1_Supine_Trial7.mat,Bandwidth1,8.0,30,Supine,7,0.8793290043290045,0.2602914663461538,0.2288818359375,0.803375244140625
DeltaR=8cm_Angle=30_Band1_Supine_Trial8.mat,Bandwidth1,8.0,30,Supine,8,0.7895956973293768,0.2531550480769231,0.19989013671875,1.03912353515625
DeltaR=10cm_Angle=0_Band2_Facedown_Trial1.mat,Bandwidth2,10.0,0,Facedown,1,0.7226339794754847,0.3294020432692307,0.238037109375,0.84686279296875
DeltaR=10cm_Angle=0_Band2_Facedown_Trial2.mat,Bandwidth2,10.0,0,Facedown,2,0.3693181818181819,0.3098707932692307,0.11444091796875,1.032257080078125
DeltaR=10cm_Angle=0_Band2_Facedown_Trial3.mat,Bandwidth2,10.0,0,Facedown,3,0.9832035755478662,0.32564603365384615,0.33111572265625,0.8880615234375
DeltaR=10cm_Angle=0_Band2_Facedown_Trial4.mat,Bandwidth2,10.0,0,Facedown,4,0.42034541511771994,0.30310997596153844,0.127410888671875,0.963592529296875
DeltaR=10cm_Angle=0_Band2_Facedown_Trial5.mat,Bandwidth2,10.0,0,Facedown,5,0.8265587708830551,0.3147536057692307,0.260162353515625,0.817108154296875
DeltaR=10cm_Angle=0_Band2_Facedown_Trial6.mat,Bandwidth2,10.0,0,Facedown,6,0.5856693363844394,0.32827524038461536,0.1922607421875,0.991058349609375
DeltaR=10cm_Angle=0_Band2_Facedown_Trial7.mat,Bandwidth2,10.0,0,Facedown,7,0.6411955241460543,0.3188852163461538,0.2044677734375,1.12152099609375
DeltaR=10cm_Angle=0_Band2_Facedown_Trial8.mat,Bandwidth2,10.0,0,Facedown,8,0.7598192019950125,0.30123197115384615,0.2288818359375,1.02996826171875
DeltaR=10cm_Angle=0_Band2_Lateral_Trial1.mat,Bandwidth2,10.0,0,Lateral,1,0.5130357142857144,0.3286508413461538,0.168609619140625,1.393890380859375
DeltaR=10cm_Angle=0_Band2_Lateral_Trial2.mat,Bandwidth2,10.0,0,Lateral,2,0.9805806351183063,0.3016075721153846,0.307464599609375,1.007080078125
DeltaR=10cm_Angle=0_Band2_Lateral_Trial3.mat,Bandwidth2,10.0,0,Lateral,3,0.593285891089109,0.30348557692307687,0.1800537109375,0.9796142578125
DeltaR=10cm_Angle=0_Band2_Lateral_Trial4.mat,Bandwidth2,10.0,0,Lateral,4,0.5308948863636365,0.2974759615384615,0.157928466796875,1.35498046875
DeltaR=10cm_Angle=0_Band2_Lateral_Trial5.mat,Bandwidth2,10.0,0,Lateral,5,0.5010252126366951,0.3091195913461538,0.154876708984375,1.100921630859375
DeltaR=10cm_Angle=0_Band2_Lateral_Trial6.mat,Bandwidth2,10.0,0,Lateral,6,0.3598363286264442,0.2925931490384615,0.10528564453125,0.862884521484375
DeltaR=10cm_Angle=0_Band2_Lateral_Trial7.mat,Bandwidth2,10.0,0,Lateral,7,0.37784465699208447,0.2847055288461538,0.107574462890625,1.0162353515625
DeltaR=10cm_Angle=0_Band2_Lateral_Trial8.mat,Bandwidth2,10.0,0,Lateral,8,0.5482808483290489,0.2922175480769231,0.16021728515625,0.872039794921875
DeltaR=10cm_Angle=0_Band2_Supine_Trial1.mat,Bandwidth2,10.0,0,Supine,1,0.4569070904645477,0.3072415865384615,0.140380859375,1.025390625
DeltaR=10cm_Angle=0_Band2_Supine_Trial2.mat,Bandwidth2,10.0,0,Supine,2,0.614473249669749,0.28432992788461536,0.174713134765625,1.490020751953125
DeltaR=10cm_Angle=0_Band2_Supine_Trial3.mat,Bandwidth2,10.0,0,Supine,3,0.7160521582733814,0.31325120192307687,0.22430419921875,0.981903076171875
DeltaR=10cm_Angle=0_Band2_Supine_Trial4.mat,Bandwidth2,10.0,0,Supine,4,0.37356321839080464,0.29409555288461536,0.10986328125,1.856231689453125
DeltaR=10cm_Angle=0_Band2_Supine_Trial5.mat,Bandwidth2,10.0,0,Supine,5,0.6042325949367089,0.2967247596153846,0.179290771484375,1.297760009765625
DeltaR=10cm_Angle=0_Band2_Supine_Trial6.mat,Bandwidth2,10.0,0,Supine,6,0.45528017241379315,0.283203125,0.128936767578125,1.53350830078125
DeltaR=10cm_Angle=0_Band2_Supine_Trial7.mat,Bandwidth2,10.0,0,Supine,7,0.7198221092757306,0.2955979567307692,0.37841796875,1.30462646484375
DeltaR=10cm_Angle=0_Band2_Supine_Trial8.mat,Bandwidth2,10.0,0,Supine,8,0.837516733601071,0.2805739182692307,0.2349853515625,1.0711669921875
DeltaR=15.5cm_Angle=30_Band2_Facedown_Trial1.mat,Bandwidth2,15.5,30,Facedown,1,0.8553929004854369,0.3094951923076923,0.264739990234375,0.899505615234375
DeltaR=15.5cm_Angle=30_Band2_Facedown_Trial2.mat,Bandwidth2,15.5,30,Facedown,2,0.9137945250659633,0.2847055288461538,0.260162353515625,1.22222900390625
DeltaR=15.5cm_Angle=30_Band2_Facedown_Trial3.mat,Bandwidth2,15.5,30,Facedown,3,0.9623113517060369,0.28620793269230765,0.275421142578125,0.881195068359375
DeltaR=15.5cm_Angle=30_Band2_Facedown_Trial4.mat,Bandwidth2,15.5,30,Facedown,4,0.9395757850241546,0.31099759615384615,0.292205810546875,1.67999267578125
DeltaR=15.5cm_Angle=30_Band2_Facedown_Trial5.mat,Bandwidth2,15.5,30,Facedown,5,0.3857421875,0.3125,0.12054443359375,0.9521484375
DeltaR=15.5cm_Angle=30_Band2_Facedown_Trial6.mat,Bandwidth2,15.5,30,Facedown,6,0.6581559720457433,0.2955979567307692,0.194549560546875,2.433013916015625
DeltaR=15.5cm_Angle=30_Band2_Facedown_Trial7.mat,Bandwidth2,15.5,30,Facedown,7,0.8723159509202454,0.30611478365384615,0.26702880859375,0.84228515625
DeltaR=15.5cm_Angle=30_Band2_Facedown_Trial8.mat,Bandwidth2,15.5,30,Facedown,8,0.8731036662452591,0.2971003605769231,0.2593994140625,0.963592529296875
DeltaR=15.5cm_Angle=30_Band2_Lateral_Trial1.mat,Bandwidth2,15.5,30,Lateral,1,0.8583433373349341,0.31287560096153844,0.2685546875,0.885772705078125
DeltaR=15.5cm_Angle=30_Band2_Lateral_Trial2.mat,Bandwidth2,15.5,30,Lateral,2,0.5028339460784315,0.3064903846153846,0.15411376953125,0.894927978515625
DeltaR=15.5cm_Angle=30_Band2_Lateral_Trial3.mat,Bandwidth2,15.5,30,Lateral,3,0.5814085144927537,0.31099759615384615,0.180816650390625,0.97503662109375
DeltaR=15.5cm_Angle=30_Band2_Lateral_Trial4.mat,Bandwidth2,15.5,30,Lateral,4,0.7081861012956421,0.3188852163461538,0.225830078125,0.91552734375
DeltaR=15.5cm_Angle=30_Band2_Lateral_Trial5.mat,Bandwidth2,15.5,30,Lateral,5,0.6634615384615385,0.31738281249999994,0.2105712890625,1.226806640625
DeltaR=15.5cm_Angle=30_Band2_Lateral_Trial6.mat,Bandwidth2,15.5,30,Lateral,6,0.5745766932270917,0.2828275240384615,0.162506103515625,1.24969482421875
DeltaR=15.5cm_Angle=30_Band2_Lateral_Trial7.mat,Bandwidth2,15.5,30,Lateral,7,0.6661490683229814,0.3023587740384615,0.201416015625,0.897216796875
DeltaR=15.5cm_Angle=30_Band2_Lateral_Trial8.mat,Bandwidth2,15.5,30,Lateral,8,0.5539772727272727,0.27681790865384615,0.153350830078125,1.16729736328125
DeltaR=15.5cm_Angle=30_Band2_Supine_Trial1.mat,Bandwidth2,15.5,30,Supine,1,0.929726368159204,0.3019831730769231,0.28076171875,0.803375244140625
DeltaR=15.5cm_Angle=30_Band2_Supine_Trial2.mat,Bandwidth2,15.5,30,Supine,2,0.9330021902377974,0.3001051682692307,0.279998779296875,0.8148193359375
DeltaR=15.5cm_Angle=30_Band2_Supine_Trial3.mat,Bandwidth2,15.5,30,Supine,3,0.8900703794369645,0.3068659855769231,0.27313232421875,1.000213623046875
DeltaR=15.5cm_Angle=30_Band2_Supine_Trial4.mat,Bandwidth2,15.5,30,Supine,4,0.9470373376623378,0.28921274038461536,0.273895263671875,0.908660888671875
DeltaR=15.5cm_Angle=30_Band2_Supine_Trial5.mat,Bandwidth2,15.5,30,Supine,5,0.9362582781456954,0.28357872596153844,0.2655029296875,0.844573974609375
DeltaR=15.5cm_Angle=30_Band2_Supine_Trial6.mat,Bandwidth2,15.5,30,Supine,6,0.8673986486486487,0.2779447115384615,0.2410888671875,0.92010498046875
DeltaR=15.5cm_Angle=30_Band2_Supine_Trial7.mat,Bandwidth2,15.5,30,Supine,7,0.8603869818652851,0.2899639423076923,0.249481201171875,0.812530517578125
DeltaR=15.5cm_Angle=30_Band2_Supine_Trial8.mat,Bandwidth2,15.5,30,Supine,8,0.736825980392157,0.2681790865384615,0.197601318359375,0.8514404296875
DeltaR=20cm_Angle=0_Band2_Facedown_Trial1.mat,Bandwidth2,20.0,0,Facedown,1,0.8734123296158613,0.30310997596153844,0.264739990234375,1.18560791015625
DeltaR=20cm_Angle=0_Band2_Facedown_Trial2.mat,Bandwidth2,20.0,0,Facedown,2,0.8795362903225806,0.302734375,0.266265869140625,1.080322265625
DeltaR=20cm_Angle=0_Band2_Facedown_Trial3.mat,Bandwidth2,20.0,0,Facedown,3,0.8433422301304864,0.3166316105769231,0.26702880859375,1.105499267578125
DeltaR=20cm_Angle=0_Band2_Facedown_Trial4.mat,Bandwidth2,20.0,0,Facedown,4,0.8856147021546261,0.29634915865384615,0.262451171875,0.823974609375
DeltaR=20cm_Angle=0_Band2_Facedown_Trial5.mat,Bandwidth2,20.0,0,Facedown,5,0.8596676029962548,0.30085637019230765,0.258636474609375,0.8056640625
DeltaR=20cm_Angle=0_Band2_Facedown_Trial6.mat,Bandwidth2,20.0,0,Facedown,6,0.9086475942782837,0.28883713942307687,0.262451171875,0.8148193359375
DeltaR=20cm_Angle=0_Band2_Facedown_Trial7.mat,Bandwidth2,20.0,0,Facedown,7,0.8379506501182034,0.31775841346153844,0.266265869140625,1.153564453125
DeltaR=20cm_Angle=0_Band2_Facedown_Trial8.mat,Bandwidth2,20.0,0,Facedown,8,0.9235312899106003,0.29409555288461536,0.2716064453125,1.1260986328125
DeltaR=20cm_Angle=0_Band2_Lateral_Trial1.mat,Bandwidth2,20.0,0,Lateral,1,0.8985354010025063,0.2997295673076923,0.269317626953125,0.881195068359375
DeltaR=20cm_Angle=0_Band2_Lateral_Trial2.mat,Bandwidth2,20.0,0,Lateral,2,0.9914095371669004,0.2678034855769231,0.2655029296875,1.24053955078125
DeltaR=20cm_Angle=0_Band2_Lateral_Trial3.mat,Bandwidth2,20.0,0,Lateral,3,0.5263264973958334,0.28846153846153844,0.151824951171875,1.4190673828125
DeltaR=20cm_Angle=0_Band2_Lateral_Trial4.mat,Bandwidth2,20.0,0,Lateral,4,0.855263157894737,0.2854567307692307,0.244140625,1.06201171875
DeltaR=20cm_Angle=0_Band2_Lateral_Trial5.mat,Bandwidth2,20.0,0,Lateral,5,0.8306226765799257,0.30310997596153844,0.25177001953125,0.82855224609375
DeltaR=20cm_Angle=0_Band2_Lateral_Trial6.mat,Bandwidth2,20.0,0,Lateral,6,0.8465725806451614,0.29109074519230765,0.246429443359375,0.830841064453125
DeltaR=20cm_Angle=0_Band2_Lateral_Trial7.mat,Bandwidth2,20.0,0,Lateral,7,0.9560492318435755,0.26893028846153844,0.257110595703125,0.977325439453125
DeltaR=20cm_Angle=0_Band2_Lateral_Trial8.mat,Bandwidth2,20.0,0,Lateral,8,0.7062760778859528,0.2700570913461538,0.19073486328125,0.85601806640625
DeltaR=20cm_Angle=0_Band2_Supine_Trial1.mat,Bandwidth2,20.0,0,Supine,1,0.8783783783783785,0.3196364182692307,0.28076171875,0.821685791015625
DeltaR=20cm_Angle=0_Band2_Supine_Trial2.mat,Bandwidth2,20.0,0,Supine,2,0.8488805970149254,0.3019831730769231,0.25634765625,0.803375244140625
DeltaR=20cm_Angle=0_Band2_Supine_Trial3.mat,Bandwidth2,20.0,0,Supine,3,0.8402359437751006,0.2805739182692307,0.235748291015625,0.940704345703125
DeltaR=20cm_Angle=0_Band2_Supine_Trial4.mat,Bandwidth2,20.0,0,Supine,4,0.8588506711409397,0.2798227163461538,0.240325927734375,0.99334716796875
DeltaR=20cm_Angle=0_Band2_Supine_Trial5.mat,Bandwidth2,20.0,0,Supine,5,0.8147321428571428,0.2734375,0.2227783203125,1.082611083984375
DeltaR=20cm_Angle=0_Band2_Supine_Trial6.mat,Bandwidth2,20.0,0,Supine,6,0.7400282663316584,0.29897836538461536,0.22125244140625,0.8056640625
DeltaR=20cm_Angle=0_Band2_Supine_Trial7.mat,Bandwidth2,20.0,0,Supine,7,0.6367666374781087,0.2144681490384615,0.136566162109375,1.21307373046875
DeltaR=20cm_Angle=0_Band2_Supine_Trial8.mat,Bandwidth2,20.0,0,Supine,8,0.829623909883721,0.2584134615384615,0.214385986328125,1.078033447265625
DeltaR=22.5cm_Angle=30_Band2_Facedown_Trial1.mat,Bandwidth2,22.5,30,Facedown,1,0.9129464285714287,0.34179687499999994,0.312042236328125,0.98876953125
DeltaR=22.5cm_Angle=30_Band2_Facedown_Trial2.mat,Bandwidth2,22.5,30,Facedown,2,0.9112945492662474,0.3583233173076923,0.3265380859375,1.56097412109375
DeltaR=22.5cm_Angle=30_Band2_Facedown_Trial3.mat,Bandwidth2,22.5,30,Facedown,3,0.4105464159811987,0.3196364182692307,0.1312255859375,0.83770751953125
DeltaR=22.5cm_Angle=30_Band2_Facedown_Trial4.mat,Bandwidth2,22.5,30,Facedown,4,0.37586122047244097,0.28620793269230765,0.107574462890625,0.92926025390625
DeltaR=22.5cm_Angle=30_Band2_Facedown_Trial5.mat,Bandwidth2,22.5,30,Facedown,5,0.4810855263157895,0.2711838942307692,0.130462646484375,0.96588134765625
DeltaR=22.5cm_Angle=30_Band2_Facedown_Trial6.mat,Bandwidth2,22.5,30,Facedown,6,0.6352997896213184,0.2678034855769231,0.170135498046875,1.306915283203125
DeltaR=22.5cm_Angle=30_Band2_Facedown_Trial7.mat,Bandwidth2,22.5,30,Facedown,7,0.8863636363636364,0.2685546875,0.238037109375,0.97503662109375
DeltaR=22.5cm_Angle=30_Band2_Facedown_Trial8.mat,Bandwidth2,22.5,30,Facedown,8,0.84375,0.2685546875,0.226593017578125,1.29547119140625
DeltaR=22.5cm_Angle=30_Band2_Lateral_Trial1.mat,Bandwidth2,22.5,30,Lateral,1,0.8761824324324325,0.34743088942307687,0.304412841796875,0.8697509765625
DeltaR=22.5cm_Angle=30_Band2_Lateral_Trial2.mat,Bandwidth2,22.5,30,Lateral,2,0.4561908983451537,0.31775841346153844,0.14495849609375,0.91094970703125
DeltaR=22.5cm_Angle=30_Band2_Lateral_Trial3.mat,Bandwidth2,22.5,30,Lateral,3,0.8804657794676807,0.29634915865384615,0.26092529296875,0.8331298828125
DeltaR=22.5cm_Angle=30_Band2_Lateral_Trial4.mat,Bandwidth2,22.5,30,Lateral,4,0.9493591877496672,0.2820763221153846,0.267791748046875,0.84228515625
DeltaR=22.5cm_Angle=30_Band2_Lateral_Trial5.mat,Bandwidth2,22.5,30,Lateral,5,0.8446782178217823,0.30348557692307687,0.25634765625,0.890350341796875
DeltaR=22.5cm_Angle=30_Band2_Lateral_Trial6.mat,Bandwidth2,22.5,30,Lateral,6,0.8731036662452591,0.2971003605769231,0.2593994140625,0.885772705078125
DeltaR=22.5cm_Angle=30_Band2_Lateral_Trial7.mat,Bandwidth2,22.5,30,Lateral,7,0.8222953680203047,0.29597355769230765,0.243377685546875,0.94757080078125
DeltaR=22.5cm_Angle=30_Band2_Lateral_Trial8.mat,Bandwidth2,22.5,30,Lateral,8,0.7617187500000001,0.3064903846153846,0.23345947265625,0.858306884765625
DeltaR=22.5cm_Angle=30_Band2_Supine_Trial1.mat,Bandwidth2,22.5,30,Supine,1,0.7753193430656934,0.25728665865384615,0.315093994140625,0.812530517578125
DeltaR=22.5cm_Angle=30_Band2_Supine_Trial2.mat,Bandwidth2,22.5,30,Supine,2,0.9990248885586925,0.2527794471153846,0.252532958984375,1.01165771484375
DeltaR=22.5cm_Angle=30_Band2_Supine_Trial3.mat,Bandwidth2,22.5,30,Supine,3,0.8808075221238938,0.2971003605769231,0.261688232421875,1.045989990234375
DeltaR=22.5cm_Angle=30_Band2_Supine_Trial4.mat,Bandwidth2,22.5,30,Supine,4,0.8294484829329962,0.2971003605769231,0.246429443359375,0.87432861328125
DeltaR=22.5cm_Angle=30_Band2_Supine_Trial5.mat,Bandwidth2,22.5,30,Supine,5,0.8144865525672372,0.3072415865384615,0.250244140625,0.894927978515625
DeltaR=22.5cm_Angle=30_Band2_Supine_Trial6.mat,Bandwidth2,22.5,30,Supine,6,0.8348267622461172,0.3143780048076923,0.262451171875,0.81939697265625
DeltaR=22.5cm_Angle=30_Band2_Supine_Trial7.mat,Bandwidth2,22.5,30,Supine,7,0.8099449685534592,0.29860276442307687,0.241851806640625,0.830841064453125
DeltaR=22.5cm_Angle=30_Band2_Supine_Trial8.mat,Bandwidth2,22.5,30,Supine,8,0.8556640625,0.3004807692307692,0.257110595703125,0.817108154296875
DeltaR=27cm_Angle=0_Band2_Facedown_Trial1.mat,Bandwidth2,27.0,0,Facedown,1,0.9325047953964196,0.29371995192307687,0.273895263671875,0.91094970703125
DeltaR=27cm_Angle=0_Band2_Facedown_Trial2.mat,Bandwidth2,27.0,0,Facedown,2,0.8580698090692125,0.3147536057692307,0.27008056640625,0.839996337890625
DeltaR=27cm_Angle=0_Band2_Facedown_Trial3.mat,Bandwidth2,27.0,0,Facedown,3,0.9188988095238096,0.28395432692307687,0.26092529296875,0.867462158203125
DeltaR=27cm_Angle=0_Band2_Facedown_Trial4.mat,Bandwidth2,27.0,0,Facedown,4,0.8891710353866318,0.28658353365384615,0.25482177734375,1.023101806640625
DeltaR=27cm_Angle=0_Band2_Facedown_Trial5.mat,Bandwidth2,27.0,0,Facedown,5,0.8488805970149254,0.3019831730769231,0.25634765625,1.132965087890625
DeltaR=27cm_Angle=0_Band2_Facedown_Trial6.mat,Bandwidth2,27.0,0,Facedown,6,0.8838071693448702,0.30386117788461536,0.2685546875,0.89263916015625
DeltaR=27cm_Angle=0_Band2_Facedown_Trial7.mat,Bandwidth2,27.0,0,Facedown,7,0.7997881355932204,0.2880859375,0.23040771484375,0.8148193359375
DeltaR=27cm_Angle=0_Band2_Facedown_Trial8.mat,Bandwidth2,27.0,0,Facedown,8,0.8701743462017435,0.3016075721153846,0.262451171875,0.83770751953125
DeltaR=27cm_Angle=0_Band2_Lateral_Trial1.mat,Bandwidth2,27.0,0,Lateral,1,0.6871998399146212,0.35193810096153844,0.241851806640625,1.25885009765625
DeltaR=27cm_Angle=0_Band2_Lateral_Trial2.mat,Bandwidth2,27.0,0,Lateral,2,0.6098552009456265,0.31775841346153844,0.19378662109375,1.059722900390625
DeltaR=27cm_Angle=0_Band2_Lateral_Trial3.mat,Bandwidth2,27.0,0,Lateral,3,0.5116061899679829,0.35193810096153844,0.1800537109375,0.853729248046875
DeltaR=27cm_Angle=0_Band2_Lateral_Trial4.mat,Bandwidth2,27.0,0,Lateral,4,0.503225806451613,0.29109074519230765,0.146484375,1.190185546875
DeltaR=27cm_Angle=0_Band2_Lateral_Trial5.mat,Bandwidth2,27.0,0,Lateral,5,0.40512465373961226,0.2711838942307692,0.10986328125,1.373291015625
DeltaR=27cm_Angle=0_Band2_Lateral_Trial6.mat,Bandwidth2,27.0,0,Lateral,6,0.5987308951965067,0.3440504807692307,0.20599365234375,0.9246826171875
DeltaR=27cm_Angle=0_Band2_Lateral_Trial7.mat,Bandwidth2,27.0,0,Lateral,7,0.7356770833333335,0.35156249999999994,0.258636474609375,0.844573974609375
DeltaR=27cm_Angle=0_Band2_Lateral_Trial8.mat,Bandwidth2,27.0,0,Lateral,8,0.9272540983606558,0.2978515625,0.27618408203125,0.9246826171875
DeltaR=27cm_Angle=0_Band2_Supine_Trial1.mat,Bandwidth2,27.0,0,Supine,1,0.4197916666666667,0.33804086538461536,0.14190673828125,1.1627197265625
DeltaR=27cm_Angle=0_Band2_Supine_Trial2.mat,Bandwidth2,27.0,0,Supine,2,0.7896351439790577,0.2869591346153846,0.226593017578125,1.14898681640625
DeltaR=27cm_Angle=0_Band2_Supine_Trial3.mat,Bandwidth2,27.0,0,Supine,3,0.6929816988950277,0.27193509615384615,0.188446044921875,0.933837890625
DeltaR=27cm_Angle=0_Band2_Supine_Trial4.mat,Bandwidth2,27.0,0,Supine,4,0.6147576708507672,0.26930588942307687,0.165557861328125,0.88348388671875
DeltaR=27cm_Angle=0_Band2_Supine_Trial5.mat,Bandwidth2,27.0,0,Supine,5,0.5419808584686776,0.3237680288461538,0.17547607421875,0.972747802734375
DeltaR=27cm_Angle=0_Band2_Supine_Trial6.mat,Bandwidth2,27.0,0,Supine,6,0.6747764054514481,0.2204777644230769,0.148773193359375,1.334381103515625
DeltaR=27cm_Angle=0_Band2_Supine_Trial7.mat,Bandwidth2,27.0,0,Supine,7,0.8516566265060241,0.3117487980769231,0.2655029296875,0.9613037109375
DeltaR=27cm_Angle=0_Band2_Supine_Trial8.mat,Bandwidth2,27.0,0,Supine,8,0.49952948557089094,0.2993539663461538,0.1495361328125,1.444244384765625
DeltaR=8cm_Angle=30_Band2_Facedown_Trial1.mat,Bandwidth2,8.0,30,Facedown,1,0.9047379032258065,0.302734375,0.273895263671875,0.862884521484375
DeltaR=8cm_Angle=30_Band2_Facedown_Trial2.mat,Bandwidth2,8.0,30,Facedown,2,0.8790204678362574,0.3211388221153846,0.28228759765625,1.206207275390625
DeltaR=8cm_Angle=30_Band2_Facedown_Trial3.mat,Bandwidth2,8.0,30,Facedown,3,0.919858870967742,0.302734375,0.278472900390625,1.190185546875
DeltaR=8cm_Angle=30_Band2_Facedown_Trial4.mat,Bandwidth2,8.0,30,Facedown,4,0.8993710691823901,0.29860276442307687,0.2685546875,1.036834716796875
DeltaR=8cm_Angle=30_Band2_Facedown_Trial5.mat,Bandwidth2,8.0,30,Facedown,5,0.8143197088465846,0.33541165865384615,0.27313232421875,1.192474365234375
DeltaR=8cm_Angle=30_Band2_Facedown_Trial6.mat,Bandwidth2,8.0,30,Facedown,6,0.8431603773584906,0.31850961538461536,0.2685546875,1.183319091796875
DeltaR=8cm_Angle=30_Band2_Facedown_Trial7.mat,Bandwidth2,8.0,30,Facedown,7,0.8140027743526511,0.3046123798076923,0.247955322265625,0.835418701171875
DeltaR=8cm_Angle=30_Band2_Facedown_Trial8.mat,Bandwidth2,8.0,30,Facedown,8,0.8824282786885247,0.2749399038461538,0.24261474609375,0.8056640625
DeltaR=8cm_Angle=30_Band2_Lateral_Trial1.mat,Bandwidth2,8.0,30,Lateral,1,0.4658819311663478,0.19643930288461536,0.301361083984375,1.190185546875
DeltaR=8cm_Angle=30_Band2_Lateral_Trial2.mat,Bandwidth2,8.0,30,Lateral,2,0.8541784103720407,0.33315805288461536,0.284576416015625,1.1627197265625
DeltaR=8cm_Angle=30_Band2_Lateral_Trial3.mat,Bandwidth2,8.0,30,Lateral,3,0.8960686682520809,0.31588040865384615,0.283050537109375,1.0986328125
DeltaR=8cm_Angle=30_Band2_Lateral_Trial4.mat,Bandwidth2,8.0,30,Lateral,4,0.8785095579450418,0.3143780048076923,0.27618408203125,1.1993408203125
DeltaR=8cm_Angle=30_Band2_Lateral_Trial5.mat,Bandwidth2,8.0,30,Lateral,5,0.903357969151671,0.2922175480769231,0.26397705078125,0.904083251953125
DeltaR=8cm_Angle=30_Band2_Lateral_Trial6.mat,Bandwidth2,8.0,30,Lateral,6,0.8592704149933067,0.2805739182692307,0.2410888671875,0.8514404296875
DeltaR=8cm_Angle=30_Band2_Lateral_Trial7.mat,Bandwidth2,8.0,30,Lateral,7,0.8874113475177305,0.26479867788461536,0.2349853515625,1.27716064453125
DeltaR=8cm_Angle=30_Band2_Lateral_Trial8.mat,Bandwidth2,8.0,30,Lateral,8,0.8833968144044322,0.2711838942307692,0.23956298828125,0.8331298828125
DeltaR=8cm_Angle=30_Band2_Supine_Trial1.mat,Bandwidth2,8.0,30,Supine,1,-0.6953125000000002,0.11718749999999999,0.31585693359375,0.899505615234375
DeltaR=8cm_Angle=30_Band2_Supine_Trial2.mat,Bandwidth2,8.0,30,Supine,2,0.8589285714285715,0.3286508413461538,0.28228759765625,1.13525390625
DeltaR=8cm_Angle=30_Band2_Supine_Trial3.mat,Bandwidth2,8.0,30,Supine,3,0.9988910012674271,0.29634915865384615,0.2960205078125,1.1077880859375
DeltaR=8cm_Angle=30_Band2_Supine_Trial4.mat,Bandwidth2,8.0,30,Supine,4,0.9931222304283606,0.25428185096153844,0.252532958984375,0.87432861328125
DeltaR=8cm_Angle=30_Band2_Supine_Trial5.mat,Bandwidth2,8.0,30,Supine,5,0.8424916107382552,0.2798227163461538,0.235748291015625,0.8697509765625
DeltaR=8cm_Angle=30_Band2_Supine_Trial6.mat,Bandwidth2,8.0,30,Supine,6,0.8904499299719889,0.2681790865384615,0.238800048828125,0.844573974609375
DeltaR=8cm_Angle=30_Band2_Supine_Trial7.mat,Bandwidth2,8.0,30,Supine,7,0.9158886583679116,0.27155949519230765,0.24871826171875,0.899505615234375
DeltaR=8cm_Angle=30_Band2_Supine_Trial8.mat,Bandwidth2,8.0,30,Supine,8,0.8531857249626309,0.2512770432692307,0.214385986328125,0.80108642578125
DeltaR=10cm_Angle=0_Band3_Facedown_Trial1.mat,Bandwidth3,10.0,0,Facedown,1,0.8022208470847085,0.3414212740384615,0.273895263671875,0.853729248046875
DeltaR=10cm_Angle=0_Band3_Facedown_Trial2.mat,Bandwidth3,10.0,0,Facedown,2,0.9962305447470815,0.2895883413461538,0.290679931640625,0.849151611328125
DeltaR=10cm_Angle=0_Band3_Facedown_Trial3.mat,Bandwidth3,10.0,0,Facedown,3,0.937885802469136,0.3042367788461538,0.28533935546875,1.499176025390625
DeltaR=10cm_Angle=0_Band3_Facedown_Trial4.mat,Bandwidth3,10.0,0,Facedown,4,0.8673381542699725,0.2726862980769231,0.23651123046875,0.926971435546875
DeltaR=10cm_Angle=0_Band3_Facedown_Trial5.mat,Bandwidth3,10.0,0,Facedown,5,0.9871199324324323,0.2779447115384615,0.281524658203125,0.972747802734375
DeltaR=10cm_Angle=0_Band3_Facedown_Trial6.mat,Bandwidth3,10.0,0,Facedown,6,0.9022114178168132,0.2993539663461538,0.27008056640625,0.9796142578125
DeltaR=10cm_Angle=0_Band3_Facedown_Trial7.mat,Bandwidth3,10.0,0,Facedown,7,0.9133808724832216,0.2798227163461538,0.255584716796875,0.84228515625
DeltaR=10cm_Angle=0_Band3_Facedown_Trial8.mat,Bandwidth3,10.0,0,Facedown,8,0.9397526212319791,0.28658353365384615,0.269317626953125,0.98419189453125
DeltaR=10cm_Angle=0_Band3_Lateral_Trial1.mat,Bandwidth3,10.0,0,Lateral,1,0.4789465962441314,0.1600060096153846,0.243377685546875,1.0711669921875
DeltaR=10cm_Angle=0_Band3_Lateral_Trial2.mat,Bandwidth3,10.0,0,Lateral,2,0.5047348484848486,0.37184495192307687,0.18768310546875,1.691436767578125
DeltaR=10cm_Angle=0_Band3_Lateral_Trial3.mat,Bandwidth3,10.0,0,Lateral,3,0.8234155957943925,0.3215144230769231,0.264739990234375,1.622772216796875
DeltaR=10cm_Angle=0_Band3_Lateral_Trial4.mat,Bandwidth3,10.0,0,Lateral,4,0.5446274453394706,0.3263972355769231,0.177764892578125,1.0711669921875
DeltaR=10cm_Angle=0_Band3_Lateral_Trial5.mat,Bandwidth3,10.0,0,Lateral,5,0.43931159420289867,0.33691406249999994,0.14801025390625,1.100921630859375
DeltaR=10cm_Angle=0_Band3_Lateral_Trial6.mat,Bandwidth3,10.0,0,Lateral,6,0.5427003816793894,0.2952223557692307,0.16021728515625,1.5838623046875
DeltaR=10cm_Angle=0_Band3_Lateral_Trial7.mat,Bandwidth3,10.0,0,Lateral,7,0.6551603362391034,0.3016075721153846,0.197601318359375,1.190185546875
DeltaR=10cm_Angle=0_Band3_Lateral_Trial8.mat,Bandwidth3,10.0,0,Lateral,8,0.8643617021276597,0.22949218749999997,0.1983642578125,1.073455810546875
DeltaR=10cm_Angle=0_Band3_Supine_Trial1.mat,Bandwidth3,10.0,0,Supine,1,0.39082792207792194,0.14460637019230768,0.232696533203125,0.92926025390625
DeltaR=10cm_Angle=0_Band3_Supine_Trial2.mat,Bandwidth3,10.0,0,Supine,2,0.7853618421052633,0.18554687499999997,0.145721435546875,0.933837890625
DeltaR=10cm_Angle=0_Band3_Supine_Trial3.mat,Bandwidth3,10.0,0,Supine,3,0.9229290674603174,0.1893028846153846,0.174713134765625,0.8880615234375
DeltaR=10cm_Angle=0_Band3_Supine_Trial4.mat,Bandwidth3,10.0,0,Supine,4,0.848700495049505,0.18967848557692307,0.160980224609375,0.88348388671875
DeltaR=10cm_Angle=0_Band3_Supine_Trial5.mat,Bandwidth3,10.0,0,Supine,5,0.921812248995984,0.18704927884615383,0.17242431640625,0.8331298828125
DeltaR=10cm_Angle=0_Band3_Supine_Trial6.mat,Bandwidth3,10.0,0,Supine,6,0.9278078007518799,0.1998197115384615,0.185394287109375,0.830841064453125
DeltaR=10cm_Angle=0_Band3_Supine_Trial7.mat,Bandwidth3,10.0,0,Supine,7,0.7264016018306636,0.16413762019230768,0.20904541015625,0.84228515625
DeltaR=10cm_Angle=0_Band3_Supine_Trial8.mat,Bandwidth3,10.0,0,Supine,8,0.7536716710182767,0.14385516826923075,0.179290771484375,0.970458984375
DeltaR=15.5cm_Angle=30_Band3_Facedown_Trial1.mat,Bandwidth3,15.5,30,Facedown,1,0.8912406815761449,0.35268930288461536,0.3143310546875,1.40533447265625
DeltaR=15.5cm_Angle=30_Band3_Facedown_Trial2.mat,Bandwidth3,15.5,30,Facedown,2,0.8921659977064221,0.32752403846153844,0.292205810546875,1.256561279296875
DeltaR=15.5cm_Angle=30_Band3_Facedown_Trial3.mat,Bandwidth3,15.5,30,Facedown,3,0.8616727941176472,0.33203124999999994,0.286102294921875,1.338958740234375
DeltaR=15.5cm_Angle=30_Band3_Facedown_Trial4.mat,Bandwidth3,15.5,30,Facedown,4,0.8860995232419547,0.3151292067307692,0.27923583984375,1.114654541015625
DeltaR=15.5cm_Angle=30_Band3_Facedown_Trial5.mat,Bandwidth3,15.5,30,Facedown,5,0.9479166666666669,0.29860276442307687,0.283050537109375,1.35040283203125
DeltaR=15.5cm_Angle=30_Band3_Facedown_Trial6.mat,Bandwidth3,15.5,30,Facedown,6,0.8418674698795181,0.3117487980769231,0.262451171875,1.316070556640625
DeltaR=15.5cm_Angle=30_Band3_Facedown_Trial7.mat,Bandwidth3,15.5,30,Facedown,7,0.9391801075268817,0.27944711538461536,0.262451171875,0.8148193359375
DeltaR=15.5cm_Angle=30_Band3_Facedown_Trial8.mat,Bandwidth3,15.5,30,Facedown,8,0.8185634328358209,0.3019831730769231,0.2471923828125,1.080322265625
DeltaR=15.5cm_Angle=30_Band3_Lateral_Trial1.mat,Bandwidth3,15.5,30,Lateral,1,0.43184055118110243,0.3339092548076923,0.144195556640625,0.91094970703125
DeltaR=15.5cm_Angle=30_Band3_Lateral_Trial2.mat,Bandwidth3,15.5,30,Lateral,2,0.9168287937743193,0.2895883413461538,0.2655029296875,0.995635986328125
DeltaR=15.5cm_Angle=30_Band3_Lateral_Trial3.mat,Bandwidth3,15.5,30,Lateral,3,0.718118686868687,0.2974759615384615,0.213623046875,0.87432861328125
DeltaR=15.5cm_Angle=30_Band3_Lateral_Trial4.mat,Bandwidth3,15.5,30,Lateral,4,0.753362341772152,0.2967247596153846,0.223541259765625,0.9521484375
DeltaR=15.5cm_Angle=30_Band3_Lateral_Trial5.mat,Bandwidth3,15.5,30,Lateral,5,0.6722642348754448,0.3166316105769231,0.212860107421875,1.226806640625
DeltaR=15.5cm_Angle=30_Band3_Lateral_Trial6.mat,Bandwidth3,15.5,30,Lateral,6,0.6026521867612293,0.31775841346153844,0.191497802734375,1.068878173828125
DeltaR=15.5cm_Angle=30_Band3_Lateral_Trial7.mat,Bandwidth3,15.5,30,Lateral,7,0.4709038220551379,0.2997295673076923,0.141143798828125,1.215362548828125
DeltaR=15.5cm_Angle=30_Band3_Lateral_Trial8.mat,Bandwidth3,15.5,30,Lateral,8,0.8259212198221093,0.2955979567307692,0.244140625,1.361846923828125
DeltaR=15.5cm_Angle=30_Band3_Supine_Trial1.mat,Bandwidth3,15.5,30,Supine,1,0.7647357723577235,0.23099459134615383,0.28533935546875,1.1077880859375
DeltaR=15.5cm_Angle=30_Band3_Supine_Trial2.mat,Bandwidth3,15.5,30,Supine,2,0.8749567174515236,0.2711838942307692,0.237274169921875,0.844573974609375
DeltaR=15.5cm_Angle=30_Band3_Supine_Trial3.mat,Bandwidth3,15.5,30,Supine,3,0.8816276202219483,0.3046123798076923,0.2685546875,0.867462158203125
DeltaR=15.5cm_Angle=30_Band3_Supine_Trial4.mat,Bandwidth3,15.5,30,Supine,4,0.9287782066508314,0.3162560096153846,0.293731689453125,0.817108154296875
DeltaR=15.5cm_Angle=30_Band3_Supine_Trial5.mat,Bandwidth3,15.5,30,Supine,5,0.8243786549707603,0.3211388221153846,0.264739990234375,0.959014892578125
DeltaR=15.5cm_Angle=30_Band3_Supine_Trial6.mat,Bandwidth3,15.5,30,Supine,6,0.7536087223587224,0.30573918269230765,0.23040771484375,0.9979248046875
DeltaR=15.5cm_Angle=30_Band3_Supine_Trial7.mat,Bandwidth3,15.5,30,Supine,7,0.8713064409030545,0.2828275240384615,0.246429443359375,0.839996337890625
DeltaR=15.5cm_Angle=30_Band3_Supine_Trial8.mat,Bandwidth3,15.5,30,Supine,8,0.8419384057971016,0.25916466346153844,0.21820068359375,0.849151611328125
DeltaR=20cm_Angle=0_Band3_Facedown_Trial1.mat,Bandwidth3,20.0,0,Facedown,1,0.904768467475193,0.3406700721153846,0.3082275390625,0.986480712890625
DeltaR=20cm_Angle=0_Band3_Facedown_Trial2.mat,Bandwidth3,20.0,0,Facedown,2,0.8948346480582525,0.3094951923076923,0.276947021484375,0.862884521484375
DeltaR=20cm_Angle=0_Band3_Facedown_Trial3.mat,Bandwidth3,20.0,0,Facedown,3,0.9615239104116223,0.3102463942307692,0.298309326171875,0.860595703125
DeltaR=20cm_Angle=0_Band3_Facedown_Trial4.mat,Bandwidth3,20.0,0,Facedown,4,0.9857681755829903,0.27381310096153844,0.2777099609375,0.872039794921875
DeltaR=20cm_Angle=0_Band3_Facedown_Trial5.mat,Bandwidth3,20.0,0,Facedown,5,0.9187863372093025,0.32301682692307687,0.296783447265625,1.013946533203125
DeltaR=20cm_Angle=0_Band3_Facedown_Trial6.mat,Bandwidth3,20.0,0,Facedown,6,0.8859463276836159,0.33240685096153844,0.29449462890625,1.261138916015625
DeltaR=20cm_Angle=0_Band3_Facedown_Trial7.mat,Bandwidth3,20.0,0,Facedown,7,0.8880813953488373,0.32301682692307687,0.286865234375,0.9063720703125
DeltaR=20cm_Angle=0_Band3_Facedown_Trial8.mat,Bandwidth3,20.0,0,Facedown,8,0.8813080046403714,0.3237680288461538,0.28533935546875,0.8056640625
DeltaR=20cm_Angle=0_Band3_Lateral_Trial1.mat,Bandwidth3,20.0,0,Lateral,1,0.47828288846520495,0.39400540865384615,0.188446044921875,1.40533447265625
DeltaR=20cm_Angle=0_Band3_Lateral_Trial2.mat,Bandwidth3,20.0,0,Lateral,2,0.8329402515723272,0.29860276442307687,0.24871826171875,1.080322265625
DeltaR=20cm_Angle=0_Band3_Lateral_Trial3.mat,Bandwidth3,20.0,0,Lateral,3,0.5495308073654392,0.2651742788461538,0.145721435546875,1.142120361328125
DeltaR=20cm_Angle=0_Band3_Lateral_Trial4.mat,Bandwidth3,20.0,0,Lateral,4,0.5562414850136241,0.2756911057692307,0.153350830078125,0.945281982421875
DeltaR=20cm_Angle=0_Band3_Lateral_Trial5.mat,Bandwidth3,20.0,0,Lateral,5,0.6531970827679783,0.27681790865384615,0.180816650390625,0.80108642578125
DeltaR=20cm_Angle=0_Band3_Lateral_Trial6.mat,Bandwidth3,20.0,0,Lateral,6,0.6428425774877651,0.2302433894230769,0.14801025390625,0.88348388671875
DeltaR=20cm_Angle=0_Band3_Lateral_Trial7.mat,Bandwidth3,20.0,0,Lateral,7,0.39736164736164736,0.2918419471153846,0.115966796875,1.160430908203125
DeltaR=20cm_Angle=0_Band3_Lateral_Trial8.mat,Bandwidth3,20.0,0,Lateral,8,0.8494940978077572,0.22273137019230768,0.189208984375,1.137542724609375
DeltaR=20cm_Angle=0_Band3_Supine_Trial1.mat,Bandwidth3,20.0,0,Supine,1,-0.019576149425287515,0.1307091346153846,0.26397705078125,1.519775390625
DeltaR=20cm_Angle=0_Band3_Supine_Trial2.mat,Bandwidth3,20.0,0,Supine,2,0.8693041871921181,0.22874098557692304,0.258636474609375,1.371002197265625
DeltaR=20cm_Angle=0_Band3_Supine_Trial3.mat,Bandwidth3,20.0,0,Supine,3,0.7414448669201521,0.19756610576923075,0.146484375,1.43280029296875
DeltaR=20cm_Angle=0_Band3_Supine_Trial4.mat,Bandwidth3,20.0,0,Supine,4,0.4922141638225257,0.22010216346153844,0.10833740234375,1.13525390625
DeltaR=20cm_Angle=0_Band3_Supine_Trial5.mat,Bandwidth3,20.0,0,Supine,5,0.612200540958269,0.24301382211538458,0.148773193359375,0.9613037109375
DeltaR=20cm_Angle=0_Band3_Supine_Trial6.mat,Bandwidth3,20.0,0,Supine,6,0.5696706798866856,0.2651742788461538,0.15106201171875,1.08489990234375
DeltaR=20cm_Angle=0_Band3_Supine_Trial7.mat,Bandwidth3,20.0,0,Supine,7,0.9349489795918366,0.23925781249999997,0.25482177734375,1.007080078125
DeltaR=20cm_Angle=0_Band3_Supine_Trial8.mat,Bandwidth3,20.0,0,Supine,8,0.6277412280701755,0.2783203125,0.174713134765625,0.81024169921875
DeltaR=22.5cm_Angle=30_Band3_Facedown_Trial1.mat,Bandwidth3,22.5,30,Facedown,1,0.866581498951782,0.3583233173076923,0.310516357421875,0.959014892578125
DeltaR=22.5cm_Angle=30_Band3_Facedown_Trial2.mat,Bandwidth3,22.5,30,Facedown,2,0.9052657480314962,0.23850661057692304,0.215911865234375,0.84686279296875
DeltaR=22.5cm_Angle=30_Band3_Facedown_Trial3.mat,Bandwidth3,22.5,30,Facedown,3,0.9005541871921183,0.3049879807692307,0.274658203125,0.803375244140625
DeltaR=22.5cm_Angle=30_Band3_Facedown_Trial4.mat,Bandwidth3,22.5,30,Facedown,4,0.874501708428246,0.3297776442307692,0.28839111328125,1.36871337890625
DeltaR=22.5cm_Angle=30_Band3_Facedown_Trial5.mat,Bandwidth3,22.5,30,Facedown,5,0.8647184551886793,0.31850961538461536,0.275421142578125,0.90179443359375
DeltaR=22.5cm_Angle=30_Band3_Facedown_Trial6.mat,Bandwidth3,22.5,30,Facedown,6,0.9749586092715231,0.28357872596153844,0.290679931640625,0.812530517578125
DeltaR=22.5cm_Angle=30_Band3_Facedown_Trial7.mat,Bandwidth3,22.5,30,Facedown,7,0.9254526869158879,0.3215144230769231,0.29754638671875,0.8514404296875
DeltaR=22.5cm_Angle=30_Band3_Facedown_Trial8.mat,Bandwidth3,22.5,30,Facedown,8,0.864003258293839,0.3170072115384615,0.273895263671875,0.839996337890625
DeltaR=22.5cm_Angle=30_Band3_Lateral_Trial1.mat,Bandwidth3,22.5,30,Lateral,1,0.9178240740740742,0.1521183894230769,0.139617919921875,1.07574462890625
DeltaR=22.5cm_Angle=30_Band3_Lateral_Trial2.mat,Bandwidth3,22.5,30,Lateral,2,0.33238636363636365,0.37184495192307687,0.12359619140625,1.178741455078125
DeltaR=22.5cm_Angle=30_Band3_Lateral_Trial3.mat,Bandwidth3,22.5,30,Lateral,3,0.41057180851063835,0.3530649038461538,0.14495849609375,1.961517333984375
DeltaR=22.5cm_Angle=30_Band3_Lateral_Trial4.mat,Bandwidth3,22.5,30,Lateral,4,0.7957752324037185,0.2828275240384615,0.225067138671875,1.618194580078125
DeltaR=22.5cm_Angle=30_Band3_Lateral_Trial5.mat,Bandwidth3,22.5,30,Lateral,5,0.6251962939698492,0.29897836538461536,0.186920166015625,0.8880615234375
DeltaR=22.5cm_Angle=30_Band3_Lateral_Trial6.mat,Bandwidth3,22.5,30,Lateral,6,0.40837696335078544,0.3586989182692307,0.146484375,1.21307373046875
DeltaR=22.5cm_Angle=30_Band3_Lateral_Trial7.mat,Bandwidth3,22.5,30,Lateral,7,0.9074228208232445,0.3102463942307692,0.281524658203125,1.357269287109375
DeltaR=22.5cm_Angle=30_Band3_Lateral_Trial8.mat,Bandwidth3,22.5,30,Lateral,8,0.6763417305585981,0.34292367788461536,0.23193359375,1.5838623046875
DeltaR=22.5cm_Angle=30_Band3_Supine_Trial1.mat,Bandwidth3,22.5,30,Supine,1,0.8774447278911565,0.3312800480769231,0.290679931640625,0.803375244140625
DeltaR=22.5cm_Angle=30_Band3_Supine_Trial2.mat,Bandwidth3,22.5,30,Supine,2,0.8143721198156683,0.3260216346153846,0.2655029296875,0.8514404296875
DeltaR=22.5cm_Angle=30_Band3_Supine_Trial3.mat,Bandwidth3,22.5,30,Supine,3,0.8900703794369645,0.3068659855769231,0.27313232421875,1.357269287109375
DeltaR=22.5cm_Angle=30_Band3_Supine_Trial4.mat,Bandwidth3,22.5,30,Supine,4,0.9177652994791667,0.28846153846153844,0.264739990234375,0.830841064453125
DeltaR=22.5cm_Angle=30_Band3_Supine_Trial5.mat,Bandwidth3,22.5,30,Supine,5,0.9004510309278351,0.25503305288461536,0.229644775390625,0.81939697265625
DeltaR=22.5cm_Angle=30_Band3_Supine_Trial6.mat,Bandwidth3,22.5,30,Supine,6,0.9663461538461539,0.25390625,0.262451171875,1.000213623046875
DeltaR=22.5cm_Angle=30_Band3_Supine_Trial7.mat,Bandwidth3,22.5,30,Supine,7,0.9432791095890413,0.27418870192307687,0.258636474609375,0.844573974609375
DeltaR=22.5cm_Angle=30_Band3_Supine_Trial8.mat,Bandwidth3,22.5,30,Supine,8,0.7557020142180095,0.3170072115384615,0.23956298828125,0.812530517578125
DeltaR=27cm_Angle=0_Band3_Facedown_Trial1.mat,Bandwidth3,27.0,0,Facedown,1,0.8567734611503532,0.37222055288461536,0.31890869140625,0.807952880859375
DeltaR=27cm_Angle=0_Band3_Facedown_Trial2.mat,Bandwidth3,27.0,0,Facedown,2,0.8968623991935485,0.3725961538461538,0.33416748046875,0.86517333984375
DeltaR=27cm_Angle=0_Band3_Facedown_Trial3.mat,Bandwidth3,27.0,0,Facedown,3,0.8829532657657659,0.3335336538461538,0.29449462890625,0.839996337890625
DeltaR=27cm_Angle=0_Band3_Facedown_Trial4.mat,Bandwidth3,27.0,0,Facedown,4,0.8659297052154196,0.3312800480769231,0.286865234375,0.88348388671875
DeltaR=27cm_Angle=0_Band3_Facedown_Trial5.mat,Bandwidth3,27.0,0,Facedown,5,-0.4989261168384882,0.1092998798076923,0.27313232421875,0.860595703125
DeltaR=27cm_Angle=0_Band3_Facedown_Trial6.mat,Bandwidth3,27.0,0,Facedown,6,0.8482646726862304,0.33278245192307687,0.28228759765625,0.88348388671875
DeltaR=27cm_Angle=0_Band3_Facedown_Trial7.mat,Bandwidth3,27.0,0,Facedown,7,0.8463541666666667,0.3335336538461538,0.28228759765625,0.87432861328125
DeltaR=27cm_Angle=0_Band3_Facedown_Trial8.mat,Bandwidth3,27.0,0,Facedown,8,0.8028927364864866,0.3335336538461538,0.267791748046875,0.8331298828125
DeltaR=27cm_Angle=0_Band3_Lateral_Trial2.mat,Bandwidth3,27.0,0,Lateral,2,0.6645156612529004,0.3237680288461538,0.21514892578125,1.389312744140625
DeltaR=27cm_Angle=0_Band3_Lateral_Trial3.mat,Bandwidth3,27.0,0,Lateral,3,0.49832067757009346,0.3215144230769231,0.16021728515625,0.926971435546875
DeltaR=27cm_Angle=0_Band3_Lateral_Trial4.mat,Bandwidth3,27.0,0,Lateral,4,0.8988720642768852,0.30386117788461536,0.27313232421875,1.17645263671875
DeltaR=27cm_Angle=0_Band3_Lateral_Trial5.mat,Bandwidth3,27.0,0,Lateral,5,0.5225511213720317,0.2847055288461538,0.148773193359375,1.02081298828125
DeltaR=27cm_Angle=0_Band3_Lateral_Trial6.mat,Bandwidth3,27.0,0,Lateral,6,0.8037634408602151,0.3493088942307692,0.28076171875,1.398468017578125
DeltaR=27cm_Angle=0_Band3_Lateral_Trial7.mat,Bandwidth3,27.0,0,Lateral,7,0.6558181532663316,0.29897836538461536,0.196075439453125,1.499176025390625
DeltaR=27cm_Angle=0_Band3_Lateral_Trial8.mat,Bandwidth3,27.0,0,Lateral,8,0.6303879310344829,0.3049879807692307,0.1922607421875,1.28173828125
DeltaR=27cm_Angle=0_Band3_Supine_Trial1.mat,Bandwidth3,27.0,0,Supine,1,0.8839457637997433,0.2925931490384615,0.258636474609375,1.24969482421875
DeltaR=27cm_Angle=0_Band3_Supine_Trial2.mat,Bandwidth3,27.0,0,Supine,2,0.890625,0.29296875,0.26092529296875,1.01165771484375
DeltaR=27cm_Angle=0_Band3_Supine_Trial3.mat,Bandwidth3,27.0,0,Supine,3,0.7871392815076562,0.3188852163461538,0.251007080078125,0.81024169921875
DeltaR=27cm_Angle=0_Band3_Supine_Trial4.mat,Bandwidth3,27.0,0,Supine,4,0.8599677541729894,0.24752103365384615,0.212860107421875,0.89263916015625
DeltaR=27cm_Angle=0_Band3_Supine_Trial5.mat,Bandwidth3,27.0,0,Supine,5,0.8766795602605864,0.23061899038461536,0.202178955078125,0.812530517578125
DeltaR=27cm_Angle=0_Band3_Supine_Trial6.mat,Bandwidth3,27.0,0,Supine,6,0.8884654471544716,0.23099459134615383,0.205230712890625,0.908660888671875
DeltaR=27cm_Angle=0_Band3_Supine_Trial7.mat,Bandwidth3,27.0,0,Supine,7,0.9592013888888891,0.24338942307692304,0.23345947265625,0.8697509765625
DeltaR=27cm_Angle=0_Band3_Supine_Trial8.mat,Bandwidth3,27.0,0,Supine,8,0.9139482564679415,0.3339092548076923,0.30517578125,0.84228515625
DeltaR=8cm_Angle=30_Band3_Facedown_Trial1.mat,Bandwidth3,8.0,30,Facedown,1,0.8907530737704918,0.36658653846153844,0.3265380859375,0.826263427734375
DeltaR=8cm_Angle=30_Band3_Facedown_Trial2.mat,Bandwidth3,8.0,30,Facedown,2,0.8625550055005502,0.3414212740384615,0.29449462890625,0.8331298828125
DeltaR=8cm_Angle=30_Band3_Facedown_Trial3.mat,Bandwidth3,8.0,30,Facedown,3,0.9127915244596133,0.33015324519230765,0.301361083984375,0.940704345703125
DeltaR=8cm_Angle=30_Band3_Facedown_Trial4.mat,Bandwidth3,8.0,30,Facedown,4,0.8381153207964602,0.3395432692307692,0.284576416015625,1.256561279296875
DeltaR=8cm_Angle=30_Band3_Facedown_Trial5.mat,Bandwidth3,8.0,30,Facedown,5,0.9351794554455447,0.30348557692307687,0.2838134765625,1.2725830078125
DeltaR=8cm_Angle=30_Band3_Facedown_Trial6.mat,Bandwidth3,8.0,30,Facedown,6,0.8935603850641775,0.3218900240384615,0.287628173828125,0.926971435546875
DeltaR=8cm_Angle=30_Band3_Facedown_Trial7.mat,Bandwidth3,8.0,30,Facedown,7,0.8579044117647059,0.3192608173076923,0.273895263671875,0.85601806640625
DeltaR=8cm_Angle=30_Band3_Facedown_Trial8.mat,Bandwidth3,8.0,30,Facedown,8,0.883873850868233,0.3677133413461538,0.32501220703125,0.9979248046875
DeltaR=8cm_Angle=30_Band3_Lateral_Trial1.mat,Bandwidth3,8.0,30,Lateral,1,0.7779857242339834,0.26968149038461536,0.209808349609375,0.8056640625
DeltaR=8cm_Angle=30_Band3_Lateral_Trial2.mat,Bandwidth3,8.0,30,Lateral,2,0.9525070621468928,0.2659254807692307,0.2532958984375,1.453399658203125
DeltaR=8cm_Angle=30_Band3_Lateral_Trial3.mat,Bandwidth3,8.0,30,Lateral,3,0.9173387096774195,0.24451622596153844,0.22430419921875,1.210784912109375
DeltaR=8cm_Angle=30_Band3_Lateral_Trial4.mat,Bandwidth3,8.0,30,Lateral,4,0.6666506163328199,0.2437650240384615,0.162506103515625,0.86517333984375
DeltaR=8cm_Angle=30_Band3_Lateral_Trial5.mat,Bandwidth3,8.0,30,Lateral,5,0.9276041666666668,0.2253605769230769,0.20904541015625,0.826263427734375
DeltaR=8cm_Angle=30_Band3_Lateral_Trial6.mat,Bandwidth3,8.0,30,Lateral,6,0.8475512729844413,0.2655498798076923,0.225067138671875,0.80108642578125
DeltaR=8cm_Angle=30_Band3_Lateral_Trial7.mat,Bandwidth3,8.0,30,Lateral,7,0.8987083911234398,0.2708082932692307,0.243377685546875,0.9613037109375
DeltaR=8cm_Angle=30_Band3_Lateral_Trial8.mat,Bandwidth3,8.0,30,Lateral,8,0.8064034788540246,0.2753155048076923,0.222015380859375,0.959014892578125
DeltaR=8cm_Angle=30_Band3_Supine_Trial1.mat,Bandwidth3,8.0,30,Supine,1,0.8948863636363638,0.32226562499999994,0.28839111328125,1.004791259765625
DeltaR=8cm_Angle=30_Band3_Supine_Trial2.mat,Bandwidth3,8.0,30,Supine,2,0.8669125993189558,0.3309044471153846,0.286865234375,0.839996337890625
DeltaR=8cm_Angle=30_Band3_Supine_Trial3.mat,Bandwidth3,8.0,30,Supine,3,0.8317727840199751,0.30085637019230765,0.250244140625,0.826263427734375
DeltaR=8cm_Angle=30_Band3_Supine_Trial4.mat,Bandwidth3,8.0,30,Supine,4,0.9092503117206983,0.30123197115384615,0.273895263671875,0.87890625
DeltaR=8cm_Angle=30_Band3_Supine_Trial5.mat,Bandwidth3,8.0,30,Supine,5,0.8596676029962548,0.30085637019230765,0.258636474609375,0.807952880859375
DeltaR=8cm_Angle=30_Band3_Supine_Trial6.mat,Bandwidth3,8.0,30,Supine,6,0.8093869731800767,0.29409555288461536,0.238037109375,0.970458984375
DeltaR=8cm_Angle=30_Band3_Supine_Trial7.mat,Bandwidth3,8.0,30,Supine,7,0.8125,0.28170072115384615,0.2288818359375,0.913238525390625
DeltaR=8cm_Angle=30_Band3_Supine_Trial8.mat,Bandwidth3,8.0,30,Supine,8,0.8969155844155845,0.2313701923076923,0.20751953125,0.8056640625
